{
    "data": {
        "id": 64818,
        "title": "Stacks of Wheat (End of Summer)",
        "short_description": null,
        "artist_title": "Claude Monet",
        "image_id": "a38e2828-ec6f-ece1-a30f-70243449197b"
    },
    "info": {
        "license_text": "The `description` field in this response is licensed under a Creative Commons Attribution 4.0 Generic License (CC-By) and the Terms and Conditions of artic.edu. All other data in this response is licensed under a Creative Commons Zero (CC0) 1.0 designation and the Terms and Conditions of artic.edu.",
        "license_links": [
            "https://creativecommons.org/publicdomain/zero/1.0/",
            "https://www.artic.edu/terms"
        ],
        "version": "1.10"
    },
    "config": {
        "iiif_url": "https://www.artic.edu/iiif/2",
        "website_url": "http://www.artic.edu"
    }
}