{
    "data": {
        "id": 28560,
        "title": "The Bedroom",
        "short_description": "In 1888, Van Gogh moved into his own home in Arles, France. He dubbed it the “Studio of the South,” hoping that fellow artists would join him there to work. This is one of three versions he painted of his beloved Arles bedroom. While its vivid palette and dramatic perspective seem to burst with nervous vitality, Van Gogh intended the painting \"to express utter repose.\"",
        "artist_title": "Vincent van Gogh",
        "image_id": "25c31d8d-21a4-9ea1-1d73-6a2eca4dda7e"
    },
    "info": {
        "license_text": "The `description` field in this response is licensed under a Creative Commons Attribution 4.0 Generic License (CC-By) and the Terms and Conditions of artic.edu. All other data in this response is licensed under a Creative Commons Zero (CC0) 1.0 designation and the Terms and Conditions of artic.edu.",
        "license_links": [
            "https://creativecommons.org/publicdomain/zero/1.0/",
            "https://www.artic.edu/terms"
        ],
        "version": "1.10"
    },
    "config": {
        "iiif_url": "https://www.artic.edu/iiif/2",
        "website_url": "http://www.artic.edu"
    }
}