{
    "data": {
        "id": 16568,
        "title": "Water Lilies",
        "short_description": null,
        "artist_title": "Claude Monet",
        "image_id": "3c27b499-af56-f0d5-93b5-a7f2f1ad5813"
    },
    "info": {
        "license_text": "The `description` field in this response is licensed under a Creative Commons Attribution 4.0 Generic License (CC-By) and the Terms and Conditions of artic.edu. All other data in this response is licensed under a Creative Commons Zero (CC0) 1.0 designation and the Terms and Conditions of artic.edu.",
        "license_links": [
            "https://creativecommons.org/publicdomain/zero/1.0/",
            "https://www.artic.edu/terms"
        ],
        "version": "1.10"
    },
    "config": {
        "iiif_url": "https://www.artic.edu/iiif/2",
        "website_url": "http://www.artic.edu"
    }
}